<?xml version="1.0" encoding="UTF-8" ?>
<!DOCTYPE mapper
        PUBLIC "-//mybatis.org//DTD Mapper 3.0//EN"
        "http://mybatis.org/dtd/mybatis-3-mapper.dtd">

<mapper namespace="com.seung.mybatis.setest.dao.TestMapper">

  <select id="selectSql" resultType="com.seung.mybatis.setest.dto.Company">
        SELECT id, company_name as name ,company_address  as address FROM company
  </select>
  <select id="selectOneSql" resultType="com.seung.mybatis.setest.dto.Company">
        SELECT id, company_name as name ,company_address  as address FROM company where id=1;
  </select>

  <select id="selectCompanyId" resultType="kr.or.iptime.mudal.mybatisxml.dto.Employee">
        SELECT id, company_id as companyid ,emloyee_name  as name, emloyee_address address FROM emloyee WHERE company_id=#{companyid}
  </select>
  <!-- <insert id="insertSql" parameterType="kr.or.iptime.mudal.mybatisxml.dto.Company"> -->
  <insert id="insertSql">
        INSERT INTO company (company_name,company_address)
        VALUES(#{name},#{address});

  </insert>
  <update id="updateCompany" parameterType="com.seung.mybatis.setest.dto.Company">
        UPDATE company
        SET company_address=#{address}
        WHERE id=#{id};
  </update>

</mapper>



<!-- 맵핑 방법 원노트 참조
<select id="selectSql" resultType="kr.or.iptime.mudal.mybatisxml.dto.Company" resultMap="selectMap">

<resultMap type="student" id="selectMap">
<result column="student_no" property="studentNo"/> 
<result column="student_name" property="studentName"/> 
<result column="student_tel" property="studentTel"/> 
</resultMap> -->
